{
  "RSVP Request" : {
    "transaction" : "RSVP Request",
    "sampleCount" : 937,
    "errorCount" : 0,
    "errorPct" : 0.0,
    "meanResTime" : 510.91782283884737,
    "medianResTime" : 491.0,
    "minResTime" : 7.0,
    "maxResTime" : 1207.0,
    "pct1ResTime" : 921.2,
    "pct2ResTime" : 957.0999999999999,
    "pct3ResTime" : 1076.24,
    "throughput" : 7.833400214018191,
    "receivedKBytesPerSec" : 2.991073714532337,
    "sentKBytesPerSec" : 3.3888635691504483
  },
  "Get All Events" : {
    "transaction" : "Get All Events",
    "sampleCount" : 938,
    "errorCount" : 0,
    "errorPct" : 0.0,
    "meanResTime" : 417.76226012793194,
    "medianResTime" : 360.0,
    "minResTime" : 114.0,
    "maxResTime" : 1194.0,
    "pct1ResTime" : 818.1,
    "pct2ResTime" : 926.1499999999999,
    "pct3ResTime" : 1058.22,
    "throughput" : 7.831088922098198,
    "receivedKBytesPerSec" : 6.966916023468221,
    "sentKBytesPerSec" : 2.6766417214202822
  },
  "Total" : {
    "transaction" : "Total",
    "sampleCount" : 2816,
    "errorCount" : 0,
    "errorPct" : 0.0,
    "meanResTime" : 422.7549715909092,
    "medianResTime" : 361.0,
    "minResTime" : 7.0,
    "maxResTime" : 1207.0,
    "pct1ResTime" : 819.3000000000002,
    "pct2ResTime" : 931.0,
    "pct3ResTime" : 1061.0,
    "throughput" : 23.476448520216756,
    "receivedKBytesPerSec" : 13.594059373697373,
    "sentKBytesPerSec" : 8.14372525010421
  },
  "Login Request" : {
    "transaction" : "Login Request",
    "sampleCount" : 941,
    "errorCount" : 0,
    "errorPct" : 0.0,
    "meanResTime" : 339.94367693942644,
    "medianResTime" : 252.0,
    "minResTime" : 73.0,
    "maxResTime" : 1155.0,
    "pct1ResTime" : 648.8000000000001,
    "pct2ResTime" : 745.0,
    "pct3ResTime" : 986.1600000000001,
    "throughput" : 7.845654874561235,
    "receivedKBytesPerSec" : 3.654665405435263,
    "sentKBytesPerSec" : 2.091663848393767
  }
}