{
  "RSVP Request" : {
    "transaction" : "RSVP Request",
    "sampleCount" : 1327,
    "errorCount" : 0,
    "errorPct" : 0.0,
    "meanResTime" : 316.05048982667677,
    "medianResTime" : 277.0,
    "minResTime" : 2.0,
    "maxResTime" : 1235.0,
    "pct1ResTime" : 697.2,
    "pct2ResTime" : 795.5999999999999,
    "pct3ResTime" : 1008.0,
    "throughput" : 8.940602597962593,
    "receivedKBytesPerSec" : 3.408500783650218,
    "sentKBytesPerSec" : 3.86785835048577
  },
  "Get All Events" : {
    "transaction" : "Get All Events",
    "sampleCount" : 1334,
    "errorCount" : 0,
    "errorPct" : 0.0,
    "meanResTime" : 291.5217391304345,
    "medianResTime" : 232.5,
    "minResTime" : 77.0,
    "maxResTime" : 1195.0,
    "pct1ResTime" : 573.0,
    "pct2ResTime" : 678.25,
    "pct3ResTime" : 920.6500000000001,
    "throughput" : 8.967464372143048,
    "receivedKBytesPerSec" : 7.977890667013983,
    "sentKBytesPerSec" : 3.0650512990723313
  },
  "Total" : {
    "transaction" : "Total",
    "sampleCount" : 4000,
    "errorCount" : 0,
    "errorPct" : 0.0,
    "meanResTime" : 281.7277500000006,
    "medianResTime" : 201.0,
    "minResTime" : 2.0,
    "maxResTime" : 1235.0,
    "pct1ResTime" : 620.9000000000001,
    "pct2ResTime" : 754.0,
    "pct3ResTime" : 952.9799999999996,
    "throughput" : 26.85789487819945,
    "receivedKBytesPerSec" : 15.553593145697366,
    "sentKBytesPerSec" : 9.023367470137378
  },
  "Login Request" : {
    "transaction" : "Login Request",
    "sampleCount" : 1339,
    "errorCount" : 0,
    "errorPct" : 0.0,
    "meanResTime" : 237.9551904406271,
    "medianResTime" : 181.0,
    "minResTime" : 67.0,
    "maxResTime" : 1073.0,
    "pct1ResTime" : 488.0,
    "pct2ResTime" : 754.0,
    "pct3ResTime" : 892.3999999999987,
    "throughput" : 8.996600239192658,
    "receivedKBytesPerSec" : 4.190799134858298,
    "sentKBytesPerSec" : 2.108578181060779
  }
}